Food_Insecurity_Rate,Num_Food_Insecure_Persons,Low_Threshold_State,High_Threshold_State,Pct_FI_Below_Low_Threshold,Pct_FI_Between_Thresholds,Pct_FI_Above_High_Threshold,Child_Food_Insecurity_Rate,Num_Food_Insecure_Children,Pct_FI_Children_Below_185FPL,Pct_FI_Children_Above_185FPL,MEDIAN_HOUSEHOLD_INCOME,POP_POVERTY_DETERMINED,POP_BELOW_POVERTY,POP_16_PLUS,POP_UNEMPLOYED,HOUSEHOLDS_TOTAL,HOUSEHOLDS_SNAP,POVERTY_RATE,UNEMPLOYMENT_RATE,SNAP_RECEIPT_RATE
0.14488341708542715,9614.602057908589,1.4454271356783919,1.8625771715721466,0.5877754008135918,0.13298650394831302,0.2792385738214884,0.21873003110792055,3328.8059344340754,0.7257600382866715,0.27489562096195264,46425.61914333572,66440.14726011007,9783.300358937544,53956.040392438386,19491.81579325197,25758.745680784872,3093.8181861689395,16.546079139591008,40.507964320439484,13.536975948522759
0.1647196261682243,424914.39252336445,1.6616822429906541,1.8934579439252337,0.6711308411214953,0.0630841121495327,0.2657476635514019,0.22882242990654206,150106.54205607477,0.6719065420560748,0.3285607476635514,54209.01869158878,2604698.981308412,444786.2336448598,2067628.1682242989,709480.2897196261,940781.8971962618,121229.85046728968,17.471642775802255,34.71408871754892,13.82531797060408
