{
    "r2_score": 0.840720406638277,
    "labels": [
        "Low",
        "Moderate",
        "Elevated",
        "High"
    ],
    "confusion_matrix": [
        [
            593,
            205,
            24,
            3
        ],
        [
            97,
            581,
            187,
            12
        ],
        [
            2,
            177,
            615,
            117
        ],
        [
            0,
            13,
            222,
            723
        ]
    ],
    "classification_report": {
        "Low": {
            "precision": 0.8569364161849711,
            "recall": 0.7187878787878788,
            "f1-score": 0.7818061964403428,
            "support": 825.0
        },
        "Moderate": {
            "precision": 0.5952868852459017,
            "recall": 0.6624857468643102,
            "f1-score": 0.6270912034538586,
            "support": 877.0
        },
        "Elevated": {
            "precision": 0.5868320610687023,
            "recall": 0.6750823271130626,
            "f1-score": 0.6278713629402757,
            "support": 911.0
        },
        "High": {
            "precision": 0.8456140350877193,
            "recall": 0.7546972860125261,
            "f1-score": 0.797573083287369,
            "support": 958.0
        },
        "accuracy": 0.7034444133295995,
        "macro avg": {
            "precision": 0.7211673493968236,
            "recall": 0.7027633096944443,
            "f1-score": 0.7085854615304614,
            "support": 3571.0
        },
        "weighted avg": {
            "precision": 0.7207340786784878,
            "recall": 0.7034444133295995,
            "f1-score": 0.7087692307253451,
            "support": 3571.0
        }
    }
}