{"train_loss": [0.008817570801605314, 0.0010172815032094367, 0.0007720043106651529, 0.0006908813508106206, 0.0006442399538017147, 0.0006114019756215801, 0.0005586399159299517, 0.0005403393510470366, 0.0005321522963560059, 0.0004965610877676555, 0.00047391870021582015, 0.00046036012784648166, 0.0004444500134593794, 0.00044150925895794637, 0.000414524909772877, 0.00041169580389702974, 0.0003993544783765556, 0.0004018738942872071, 0.000379107219686381, 0.00037630840808737536, 0.0003711107842836142, 0.00036592708335925585, 0.0003563834937683765, 0.00035012499185443793, 0.0003488760943641725, 0.00034170107913519723, 0.00032962053780946887, 0.00033221721573221214, 0.0003336608923026019, 0.0003217128941568955, 0.0003213863011721066, 0.00032181858899181065, 0.00032340604057601064, 0.0003206258238772763, 0.000316854609818471, 0.00031569358611371396, 0.0003033487150566158, 0.00030480887716026294, 0.0003033801437995819, 0.0002996758941442224, 0.0002932628639228049, 0.000297550832919714, 0.0002922822667048882, 0.0002989618835244769, 0.0002946709332497968, 0.00028974276331352204, 0.00029129825487344174, 0.0002958722719274212, 0.00029331052205666365, 0.0002892938573868166, 0.0002878460638524543, 0.000287493652494802, 0.00028367138183762314, 0.00028987211263435566, 0.00028888844964652423, 0.00028573530257555723, 0.0002851913423655404, 0.0002796502707692551, 0.0002835155504697807, 0.00028055470626963996, 0.0002772082398053968, 0.0002754319636633552, 0.0002867949245650489, 0.00028104041630274936, 0.000280216598131229, 0.00027652810857925546, 0.00027499534089185835, 0.00028195876106775104, 0.00027677577312862307, 0.00027266892782166124, 0.0002755744893892005, 0.00027238574625742775, 0.0002712021469057583, 0.00027265404434796616, 0.0002779468272972586, 0.0002675820163298844, 0.0002729347637663519, 0.0002715469934058831, 0.0002725553339952749, 0.00026776880744119956, 0.0002660846109774921, 0.00027063563255069674, 0.0002659838050534859, 0.0002707989632493909, 0.00026756919762960474, 0.00027253616883997123, 0.000270325995556817, 0.00026888560503524403, 0.0002634506536038721, 0.00026439943798902034, 0.0002738694183727943, 0.0002722716858876224, 0.00026307083296671667, 0.00026379052056510016, 0.00026574130712583556, 0.0002626003656070992, 0.000264495781283718, 0.00026686730305431515, 0.0002654236526215068, 0.0002623230923382676], "val_loss": [0.0006829750223421286, 0.0006080575918457593, 0.0005438859502165508, 0.0005329100608858283, 0.00045433446411671325, 0.0007197510248439812, 0.0004396375017645365, 0.0003966880181369293, 0.0004028895665036089, 0.00035344196524983754, 0.0003122280302223014, 0.0002978733846118122, 0.0003129743463106938, 0.00030725146471324556, 0.00027193402199323014, 0.00031274420646318975, 0.0002853106190666279, 0.00030051756520040984, 0.000286217956970814, 0.0002604972131188031, 0.00025101887565396496, 0.00024750440604504097, 0.00024409907899260543, 0.00024231428730181345, 0.0002883429527187323, 0.00024390259742403038, 0.0002551638285604492, 0.00023679218712946206, 0.00028469991262933806, 0.0002694837864945041, 0.00023325251187264546, 0.00023136456577031738, 0.00024709007538262906, 0.0002455251638631641, 0.00023613743840906822, 0.00024200935947778985, 0.00025135324075510585, 0.00025559792552517867, 0.00022979935255908727, 0.00022336213041477382, 0.00025329479794225425, 0.00023549996098003726, 0.00022934383793329108, 0.0002164261834833698, 0.00021838077006122695, 0.0002135701624916408, 0.00023285019868425803, 0.00025248655701791845, 0.00022825055353488613, 0.00022638788909597437, 0.00022653309281838366, 0.00022229074599759805, 0.00023791913338689125, 0.00022011274348899694, 0.00022084809980301394, 0.0002341787094323162, 0.0002434941367836854, 0.00022113109727432898, 0.0002401255936562219, 0.00022114503276197728, 0.00024237517796196756, 0.0002092430736971935, 0.00022007559193714982, 0.00022591442283047156, 0.00022749520358684167, 0.00021651413042863088, 0.00023201063766814552, 0.00023955207041569584, 0.00021657438767528793, 0.00021490590055345574, 0.00020652832956493324, 0.00021425621646826689, 0.00020971669883991636, 0.00021798526376272165, 0.0002125577295414178, 0.00022110348489362777, 0.0002216910866924818, 0.0002309277014729627, 0.00020559503033490666, 0.00022227938607160142, 0.00023107916875822024, 0.00021667890663421222, 0.0002217580426476289, 0.00026345206063111386, 0.00022221096013858802, 0.00020836571233174612, 0.00022751794853133786, 0.0002054671596140164, 0.00019746762338606938, 0.00020671048576856242, 0.00022569818811360733, 0.00021250838461044365, 0.0002170080966728757, 0.0002273141172673411, 0.000225329285410617, 0.00021508902697882752, 0.00024205696151881532, 0.00023113407234716109, 0.0002032843654647767, 0.0002210674295383073]}