{"train_loss": [0.02309759422506196, 0.0015847645285585875, 0.0010894152368016406, 0.0009167083994465708, 0.0008087188096835933, 0.0007296013552114854, 0.0006806944123065044, 0.0006308301869207666, 0.0005991157159927392, 0.0005608013786716253, 0.0005432992793079939, 0.00052447703734742, 0.0005074622220581076, 0.000490064716682685, 0.00046304912128859445, 0.0004484624266687669, 0.00044066957196520315, 0.00041864126920364297, 0.00042448671032396774, 0.000412164532282877, 0.0004067983536674588, 0.00038333344917145656, 0.0003747570586187916, 0.00039420913028429764, 0.0003671953284613391, 0.00036493163594694575, 0.00037625532362762034, 0.000360149523286759, 0.0003702568767503018, 0.00035625839494844014, 0.00034601322273592356, 0.0003330691070021114, 0.0003468282865620083, 0.00033533623882971977, 0.00033377514164613, 0.0003363360160710912, 0.00032971537274159975, 0.0003286813187081404, 0.0003324817613926128, 0.0003286137881477027, 0.0003249667269598078, 0.0003226194782078716, 0.0003230179388128888, 0.0003162999509309621, 0.00030769884458600993, 0.0003088082262508031, 0.00031403293392953603, 0.00031889497744832287, 0.0003078627306838874, 0.00030901071323705977, 0.00030923983770061346, 0.0003072480710672711, 0.0003006403523937171, 0.00029941344503206665, 0.00030512732621624134, 0.00029945106396756893, 0.0002958839760460822, 0.00029789250926169614, 0.0002980536884536813, 0.0003028157790328282, 0.0002986219565204068, 0.000292307146866735, 0.00029581968564697334, 0.0002862031573399345, 0.00029333941139236754, 0.0002926934651037363, 0.0002894083081559449, 0.0002858484860153563, 0.0002860128442244301, 0.00028378132879296837, 0.0002829508068886466, 0.0002826705172442052, 0.00028152804666474495, 0.0002795148653536403, 0.0002869720004554975, 0.0002780385644726153, 0.0002816043691248932, 0.00028353828416370635, 0.0002816830493788439, 0.00027088095957430314, 0.00028115684301196196, 0.0002732254059988892, 0.00027710701752684636, 0.0002774715417137694, 0.00027460163541695464, 0.00028004065456055345, 0.00027503339636744987, 0.00027228053017683295, 0.00027286928284415106, 0.0002813844512743519, 0.00027302171902562157, 0.0002739636939553263, 0.0002762358716163019, 0.0002758438685258831, 0.00027274979972907883, 0.00027189052304053786, 0.0002682552444506244, 0.0002685980404379791, 0.0002691279492722653, 0.0002681397095439111], "val_loss": [0.0008097862291898854, 0.0006632264904946818, 0.0005785997529069959, 0.0006274419213919667, 0.0005679966492153105, 0.0004999894039994721, 0.000538094939446179, 0.0004813846355786083, 0.0004326776662869594, 0.0004303014318962739, 0.00052463792925908, 0.0003429780576948885, 0.0005070517021516603, 0.00032587512644017435, 0.00028920791911558815, 0.00035313523114762987, 0.00030537216277271077, 0.0003025763418387278, 0.000316812097178861, 0.00028634998509689997, 0.0002748317679218698, 0.0002888556082065046, 0.0002674932526602345, 0.0003311420026059409, 0.0002550212599247451, 0.0002595287143238342, 0.0002516545124798885, 0.00031838413319504517, 0.00027012813905518513, 0.0003013052318698794, 0.0002524952004040727, 0.0002480535273328907, 0.00029164166907717266, 0.00022944367939931197, 0.0002208458699853752, 0.0002594488181504247, 0.0002553923827035789, 0.0002301824580239541, 0.0003179558588226319, 0.0002450858775662242, 0.00025282672386173406, 0.00023357508699065142, 0.0002636471847068539, 0.0002598363925061428, 0.00024413398146318059, 0.0002601443090990657, 0.0002392388297319553, 0.00021717866650731033, 0.00022892941966128768, 0.0002266751226940631, 0.0002462027739549527, 0.00022946770836220566, 0.00024575321789273947, 0.00023158822911400906, 0.0002558591211799146, 0.00022664391139434953, 0.00023012283590559315, 0.00022855289963555806, 0.00021269819592751088, 0.0002603792401096693, 0.0002332747644657664, 0.0002209177760604318, 0.00022342316918726158, 0.00025333264874141215, 0.00024461293211920843, 0.0002107547188411832, 0.00022937385344644638, 0.000264274526211765, 0.0002512215846695129, 0.00021856459718244448, 0.0002243887118234554, 0.0002381204442203885, 0.00022440462864350267, 0.0002412222526721312, 0.00021269005250441387, 0.00022390273931120104, 0.00021669384545007852, 0.00021015784563452718, 0.00021226787471737382, 0.00021592944231507697, 0.00020605049851786603, 0.0002192776840216139, 0.0002343095809097814, 0.00022022371433676955, 0.00021381614464863967, 0.0002345273321862692, 0.00021015119169314625, 0.00021362822478679331, 0.0002144631231035813, 0.0002328230540124734, 0.000212500896469235, 0.00020924008791363638, 0.00023129684854567503, 0.00022364762868828903, 0.00021475864964077589, 0.0002247831773604747, 0.0002110815230617985, 0.0002152361970470515, 0.00026127947863568675, 0.00023029271894490773]}