{"train_loss": [0.008127720191974629, 0.0013134533745969286, 0.0008980682152588138, 0.0007362262891838653, 0.000677200728286453, 0.000633438140198482, 0.0005867073626472119, 0.0005894602167891358, 0.0005516689473834046, 0.0005298038549878765, 0.000523064540841522, 0.0005114236627166839, 0.0004976628537247288, 0.0004824851217396188, 0.0004732702611049716, 0.0004542085590327142, 0.000437885576029637, 0.0004327055029007725, 0.00043543793259225564, 0.0004174124629249015, 0.0004107673468996174, 0.0004165327898611361, 0.0003989762511020628, 0.0003961802997374169, 0.00038992400653490775, 0.00038226849880164426, 0.0003699352933136677, 0.00035661804135166396, 0.0003648365758311445, 0.0003669448864214108, 0.00035390865628666775, 0.0003593514882183541, 0.00034863163160736034, 0.00034814326597447555, 0.00035124816585244004, 0.00034557971995124645, 0.00034436705616518995, 0.0003499725853551719, 0.00034232101676953284, 0.0003501834494447233, 0.0003375597954224362, 0.0003367272684612976, 0.0003417430151856651, 0.00033021916670086305, 0.00033412133387854053, 0.00034119611882386366, 0.0003349306348582677, 0.0003261075347158103, 0.0003276088295749083, 0.00033225432690376435, 0.0003298595468294594, 0.00032982372020161837, 0.00032614397502615653, 0.00032190656541392635, 0.0003239229523177248, 0.00032036483049308203, 0.000321071029666032, 0.0003226528150925073, 0.0003238625630675845, 0.0003211470860680156, 0.00031753746156383317, 0.0003197924535035893, 0.00031886888845677395, 0.0003203191037054555, 0.0003157402375222423, 0.00031784637530903623, 0.0003139784741386233, 0.00031768270899343206, 0.0003179582532043291, 0.0003231293923455989, 0.0003127095026966342, 0.00031604782574322647, 0.00031678209465192133, 0.0003220056260344464, 0.0003092009301800192, 0.0003095326076520675, 0.0003134792324263019, 0.00030796946986721583, 0.00031336302422985926, 0.0003126984885390415, 0.00031637294633661924, 0.00030831904814285715, 0.00031627867023586537, 0.0003082985107164159, 0.0003127448649019956, 0.00030804412049958307, 0.0003041416496184225, 0.000307615819532926, 0.0003085756457193766, 0.00030348616090750005, 0.0003022804932552227, 0.0003074861909742711, 0.00030574478266786264, 0.0003103189400289791, 0.00030018638099839237, 0.0003038207177435017, 0.00030507248935144417, 0.0003059219261352312, 0.00030904827062176184, 0.0003037255289022884], "val_loss": [0.0008751062434547441, 0.0006387390470360694, 0.000566094090205726, 0.000598850319973365, 0.0005359231248300796, 0.00044254388999756197, 0.00047982244572263954, 0.00047055922389433136, 0.0004495802699976573, 0.00044241673137692175, 0.0003988720990797738, 0.0003677178788771089, 0.0004146859273825647, 0.00037070502633595586, 0.0003905406053725957, 0.0003418681211508779, 0.0003253335442701243, 0.00033140062320992055, 0.00034386538286899167, 0.0003080027337279666, 0.00036087635524040994, 0.00032144312338537904, 0.0003025492637146194, 0.0003346870408829764, 0.00032740407135651596, 0.0002927108128192344, 0.00032298669640342043, 0.00030585005524059956, 0.0003261098692814857, 0.00029219173929554695, 0.00029443278310841846, 0.0002869196101233939, 0.00030488565725070174, 0.00029828296660687394, 0.0002942370169385809, 0.0002927440598093806, 0.00030867980475070907, 0.000288604664530483, 0.00032275996825680475, 0.0002919051127111343, 0.00030238702147364517, 0.00029105517438953745, 0.00028664665886737433, 0.0002823495730203249, 0.0002911963266143442, 0.0002946975921053524, 0.0002754701776310042, 0.0003223452280614305, 0.00031469722738861414, 0.00027715799343821525, 0.00027721978584995574, 0.0002828244708577034, 0.0003405647275466561, 0.00027694524028105077, 0.00032065512215521984, 0.00028608793124021377, 0.00031408425869753476, 0.00028287772879732637, 0.00027018262882404253, 0.0002753099983634213, 0.00027980539984651614, 0.0002629888787483825, 0.0002783526049275395, 0.0002800349490516236, 0.0002793677282451569, 0.0003045317814045136, 0.0002792057030889287, 0.0002688449579654864, 0.00030048250961262193, 0.0002651133215812759, 0.00030878657155371085, 0.0002686311053013045, 0.0002632069896835676, 0.00028361013618557893, 0.00026504287573928025, 0.0002780138401552467, 0.00029562102252963303, 0.00026598404367274135, 0.00029185443266509535, 0.0003046966150029555, 0.00029005987052780946, 0.00026945024145231405, 0.0002725399251207313, 0.00026426452987398866, 0.0002732106659340236, 0.0002636733733261543, 0.00026247294142934093, 0.00027037214912115293, 0.00028335008528594733, 0.00031067560666437136, 0.0002652309348627307, 0.0002923948178211244, 0.0002545837927580994, 0.00027377074757797967, 0.0002804494438326762, 0.0002714498776713508, 0.00027155401996247945, 0.000282690660426619, 0.00026354363208490073, 0.00027739067363193623]}